"a","b","c","d","e","f","g","h"
"20185088","20185343","VN","Viet Nam","Ha Noi","Hanoi","21.0245","105.84117"
"20185344","20185599","VN","Viet Nam","Ho Chi Minh","Ho Chi Minh City","10.75","106.66667"
"20185600","20185855","VN","Viet Nam","Da Nang","Da Nang","16.06778","108.22083"
"20185856","20186367","VN","Viet Nam","Dong Nai","Bien Hoa","10.95","106.81667"
"20186368","20186879","VN","Viet Nam","Ha Noi","Hanoi","21.0245","105.84117"
"20186880","20187135","VN","Viet Nam","Can Tho","Can Tho","10.03333","105.78333"
"20187136","20187391","VN","Viet Nam","Ho Chi Minh","Ho Chi Minh City","10.75","106.66667"
"20187392","20187647","VN","Viet Nam","Ha Noi","Hanoi","21.0245","105.84117"
"20187648","20187903","VN","Viet Nam","Binh Dinh","Qui Nhon","13.76667","109.23333"
"20187904","20188159","VN","Viet Nam","Ninh Thuan","Phan Rang-Thap Cham","11.56667","108.98333"
"20188160","20188415","VN","Viet Nam","Ha Noi","Hanoi","21.0245","105.84117"
"20188416","20188671","VN","Viet Nam","Ho Chi Minh","Ho Chi Minh City","10.75","106.66667"
"20188672","20189183","VN","Viet Nam","Ha Noi","Hanoi","21.0245","105.84117"
"20189184","20189439","VN","Viet Nam","Ho Chi Minh","Ho Chi Minh City","10.75","106.66667"
"20189440","20189695","VN","Viet Nam","Dong Nai","Bien Hoa","10.95","106.81667"
"20189696","20190207","VN","Viet Nam","Ho Chi Minh","Ho Chi Minh City","10.75","106.66667"
"20190208","20190463","VN","Viet Nam","Bac Ninh","Bac Ninh","21.18333","106.05"
"20190464","20190975","VN","Viet Nam","Ha Noi","Hanoi","21.0245","105.84117"
"20190976","20191231","VN","Viet Nam","Ho Chi Minh","Ho Chi Minh City","10.75","106.66667"
"20191232","20191487","VN","Viet Nam","Yen Bai","Yen Bai","21.7","104.86667"
"20191488","20191743","VN","Viet Nam","Ho Chi Minh","Ho Chi Minh City","10.75","106.66667"
"20191744","20191999","VN","Viet Nam","Ba Ria - Vung Tau","Lien Loc","10.7449","107.243"
"20192000","20192255","VN","Viet Nam","Da Nang","Da Nang","16.06778","108.22083"
"20192256","20192511","VN","Viet Nam","Ha Noi","Hanoi","21.0245","105.84117"
"20192512","20192767","VN","Viet Nam","Ho Chi Minh","Ho Chi Minh City","10.75","106.66667"
"20192768","20193023","VN","Viet Nam","Ha Noi","Hanoi","21.0245","105.84117"
"20193024","20193279","VN","Viet Nam","Phu Yen","Tuy Hoa","13.08333","109.3"
"20193280","20193535","VN","Viet Nam","Ho Chi Minh","Ho Chi Minh City","10.75","106.66667"
"20193536","20194047","VN","Viet Nam","Dong Nai","Bien Hoa","10.95","106.81667"
"20194048","20194303","VN","Viet Nam","Tra Vinh","Tra Vinh","9.93472","106.34528"
"20194304","20194815","VN","Viet Nam","Ho Chi Minh","Ho Chi Minh City","10.75","106.66667"
"20194816","20195071","VN","Viet Nam","Binh Duong","Thu Dau Mot","10.96667","106.65"
"20195072","20195583","VN","Viet Nam","Ho Chi Minh","Ho Chi Minh City","10.75","106.66667"
"20195584","20195839","VN","Viet Nam","Dong Nai","Bien Hoa","10.95","106.81667"
"20195840","20196095","VN","Viet Nam","Ho Chi Minh","Ho Chi Minh City","10.75","106.66667"
"20196096","20196351","VN","Viet Nam","Dong Nai","Bien Hoa","10.95","106.81667"
"20196352","20196607","VN","Viet Nam","Ho Chi Minh","Ho Chi Minh City","10.75","106.66667"
"20196608","20197375","VN","Viet Nam","Dong Nai","Bien Hoa","10.95","106.81667"
"20197376","20197631","VN","Viet Nam","Ha Noi","Hanoi","21.0245","105.84117"
"20197632","20197887","VN","Viet Nam","Dong Nai","Bien Hoa","10.95","106.81667"
"20197888","20198399","VN","Viet Nam","Ho Chi Minh","Ho Chi Minh City","10.75","106.66667"
"20198400","20198655","VN","Viet Nam","Dong Nai","Vung Tau","10.34599","107.08426"
"20198656","20198911","VN","Viet Nam","Ba Ria - Vung Tau","Xuyen Moc","10.5667","107.417"
"20198912","20199167","VN","Viet Nam","Ho Chi Minh","Ho Chi Minh City","10.75","106.66667"
"20199168","20199423","VN","Viet Nam","Khanh Hoa","Nha Trang","12.25","109.18333"
"20199424","20199679","VN","Viet Nam","Binh Duong","Thu Dau Mot","10.96667","106.65"
"20199680","20199935","VN","Viet Nam","Ba Ria - Vung Tau","Xuyen Moc","10.5667","107.417"
"20199936","20200447","VN","Viet Nam","Khanh Hoa","Nha Trang","12.25","109.18333"
"20200448","20200703","VN","Viet Nam","Binh Thuan","Phan Thiet","10.93333","108.1"
"20200704","20200959","VN","Viet Nam","Ho Chi Minh","Ho Chi Minh City","10.75","106.66667"
"20200960","20201215","VN","Viet Nam","Tra Vinh","Tra Vinh","9.93472","106.34528"
"20201216","20201471","VN","Viet Nam","Ho Chi Minh","Ho Chi Minh City","10.75","106.66667"
"20201472","20201727","VN","Viet Nam","Dong Thap","Cao Lanh","10.45","105.63333"
"20201728","20201983","VN","Viet Nam","Long An","Tan An","10.53333","106.41667"
"20201984","20202239","VN","Viet Nam","Ho Chi Minh","Ho Chi Minh City","10.75","106.66667"
"20202240","20202495","VN","Viet Nam","Phu Yen","Tuy Hoa","13.08333","109.3"
"20202496","20202751","VN","Viet Nam","Long An","Tan An","10.53333","106.41667"
"20202752","20203007","VN","Viet Nam","Ha Noi","Hanoi","21.0245","105.84117"
"20203008","20203263","VN","Viet Nam","Phu Yen","Tuy Hoa","13.08333","109.3"
"20203264","20203519","VN","Viet Nam","Ha Noi","Hanoi","21.0245","105.84117"
"20203520","20203775","VN","Viet Nam","Hai Duong","Hai Duong","20.93333","106.31667"
"20203776","20204031","VN","Viet Nam","Ha Noi","Hanoi","21.0245","105.84117"
"20204032","20204287","VN","Viet Nam","Can Tho","Can Tho","10.03333","105.78333"
"20204288","20204543","VN","Viet Nam","Ha Noi","Hanoi","21.0245","105.84117"
"20204544","20205055","VN","Viet Nam","Ho Chi Minh","Ho Chi Minh City","10.75","106.66667"
"20205056","20205311","VN","Viet Nam","Quang Ngai","Quang Ngai","15.11667","108.8"
"20205312","20205567","VN","Viet Nam","Ho Chi Minh","Ho Chi Minh City","10.75","106.66667"
"20205568","20205823","VN","Viet Nam","Dong Nai","Bien Hoa","10.95","106.81667"
"20205824","20206079","VN","Viet Nam","Ho Chi Minh","Ho Chi Minh City","10.75","106.66667"
"20206080","20206335","VN","Viet Nam","Khanh Hoa","Nha Trang","12.25","109.18333"
"20206336","20206591","VN","Viet Nam","Binh Phuoc","Dong Xoai","11.53333","106.91667"
"20206592","20206847","VN","Viet Nam","Ho Chi Minh","Ho Chi Minh City","10.75","106.66667"
"20206848","20207103","VN","Viet Nam","Dong Nai","Bien Hoa","10.95","106.81667"
"20207104","20207359","VN","Viet Nam","Ho Chi Minh","Ho Chi Minh City","10.75","106.66667"
"20207360","20207615","VN","Viet Nam","Bac Ninh","Bac Ninh","21.18333","106.05"
"20207616","20208383","VN","Viet Nam","Ha Noi","Hanoi","21.0245","105.84117"
"20208384","20208639","VN","Viet Nam","Kien Giang","Rach Gia","10.01667","105.08333"
"20208640","20208895","VN","Viet Nam","Hai Phong","Haiphong","20.85611","106.68222"
"20208896","20209151","VN","Viet Nam","Ha Noi","Hanoi","21.0245","105.84117"
"20209152","20209407","VN","Viet Nam","Binh Thuan","Kon Tum","14.35","108"
"20209408","20209663","VN","Viet Nam","Kien Giang","Rach Gia","10.01667","105.08333"
"20209664","20209919","VN","Viet Nam","Tien Giang","My Tho","10.35","106.35"
"20209920","20210175","VN","Viet Nam","Ba Ria - Vung Tau","Xuyen Moc","10.5667","107.417"
"20210176","20211199","VN","Viet Nam","Ho Chi Minh","Ho Chi Minh City","10.75","106.66667"
"20211200","20211455","VN","Viet Nam","Da Nang","Da Nang","16.06778","108.22083"
"20211456","20212735","VN","Viet Nam","Ho Chi Minh","Ho Chi Minh City","10.75","106.66667"
"20212736","20212991","VN","Viet Nam","Binh Duong","Thu Dau Mot","10.96667","106.65"
"20212992","20213759","VN","Viet Nam","Ho Chi Minh","Ho Chi Minh City","10.75","106.66667"
"20213760","20214015","VN","Viet Nam","Ha Noi","Hanoi","21.0245","105.84117"
"20214016","20214271","VN","Viet Nam","Ho Chi Minh","Ho Chi Minh City","10.75","106.66667"
"20214272","20214527","VN","Viet Nam","Ha Noi","Hanoi","21.0245","105.84117"
"20214528","20215039","VN","Viet Nam","Ho Chi Minh","Ho Chi Minh City","10.75","106.66667"
"20215040","20215295","VN","Viet Nam","Lam Dong","Da Lat","11.94646","108.44193"
"20215296","20215551","VN","Viet Nam","Ho Chi Minh","Ho Chi Minh City","10.75","106.66667"
"20215552","20215807","VN","Viet Nam","Ha Noi","Hanoi","21.0245","105.84117"
"20215808","20216319","VN","Viet Nam","Bac Ninh","Bac Ninh","21.18333","106.05"
"20216320","20216575","VN","Viet Nam","Thai Nguyen","Thai Nguyen","21.59278","105.84417"
"20216576","20216831","VN","Viet Nam","Quang Ninh","Ha Long","20.95111","107.08"
"20216832","20217087","VN","Viet Nam","Bac Ninh","Bac Ninh","21.18333","106.05"
"20217088","20217343","VN","Viet Nam","Thai Binh","Thai Binh","20.45","106.33333"
"20217344","20217599","VN","Viet Nam","Ninh Binh","Ninh Binh","20.25389","105.975"
"20217600","20217855","VN","Viet Nam","Thai Nguyen","Thai Nguyen","21.59278","105.84417"
"20217856","20218367","VN","Viet Nam","Ho Chi Minh","Ho Chi Minh City","10.75","106.66667"
"20218368","20218623","VN","Viet Nam","Ba Ria - Vung Tau","Ap Binh Chau","10.55","107.55"
"20218624","20218879","VN","Viet Nam","Ha Noi","Hanoi","21.0245","105.84117"
"20218880","20219135","VN","Viet Nam","Hai Duong","Hai Duong","20.93333","106.31667"
"20219136","20219391","VN","Viet Nam","Ha Noi","Hanoi","21.0245","105.84117"
"20219392","20219647","VN","Viet Nam","Ho Chi Minh","Ho Chi Minh City","10.75","106.66667"
"20219648","20219903","VN","Viet Nam","Can Tho","Can Tho","10.03333","105.78333"
"20219904","20220159","VN","Viet Nam","Ha Noi","Hanoi","21.0245","105.84117"
"20220160","20220671","VN","Viet Nam","Ho Chi Minh","Ho Chi Minh City","10.75","106.66667"
"20220672","20220927","VN","Viet Nam","Tay Ninh","Phu Khuong","11.28333","106.13333"
"20220928","20221183","VN","Viet Nam","Ho Chi Minh","Ho Chi Minh City","10.75","106.66667"
"20221184","20221951","VN","Viet Nam","Ha Noi","Hanoi","21.0245","105.84117"
"20221952","20222719","VN","Viet Nam","Ho Chi Minh","Ho Chi Minh City","10.75","106.66667"
"20222720","20222975","VN","Viet Nam","Ha Noi","Hanoi","21.0245","105.84117"
"20222976","20223231","VN","Viet Nam","Can Tho","Can Tho","10.03333","105.78333"
"20223232","20223487","VN","Viet Nam","Ha Noi","Hanoi","21.0245","105.84117"
"20223488","20223743","VN","Viet Nam","Long An","Tan An","10.53333","106.41667"
"20223744","20223999","VN","Viet Nam","Ho Chi Minh","Ho Chi Minh City","10.75","106.66667"
"20224000","20224255","VN","Viet Nam","Ha Noi","Hanoi","21.0245","105.84117"
"20224256","20224511","VN","Viet Nam","Lam Dong","Da Lat","11.94646","108.44193"
"20224512","20224767","VN","Viet Nam","Quang Nam","Tam Ky","15.56667","108.48333"
"20224768","20225023","VN","Viet Nam","Binh Duong","Thu Dau Mot","10.96667","106.65"
"20225024","20225279","VN","Viet Nam","Ha Noi","Hanoi","21.0245","105.84117"
"20225280","20225535","VN","Viet Nam","Ho Chi Minh","Ho Chi Minh City","10.75","106.66667"
"20225536","20225791","VN","Viet Nam","Phu Yen","Song Cau","13.45","109.21667"
"20225792","20226047","VN","Viet Nam","Da Nang","Da Nang","16.06778","108.22083"
"20226048","20226303","VN","Viet Nam","Binh Duong","Thu Dau Mot","10.96667","106.65"
"20226304","20226815","VN","Viet Nam","Ho Chi Minh","Ho Chi Minh City","10.75","106.66667"
"20226816","20227071","VN","Viet Nam","Dong Nai","Bien Hoa","10.95","106.81667"
"20227072","20227583","VN","Viet Nam","Ho Chi Minh","Ho Chi Minh City","10.75","106.66667"
"20227584","20228351","VN","Viet Nam","Dong Nai","Bien Hoa","10.95","106.81667"
"20228352","20228607","VN","Viet Nam","Thua Thien-Hue","Hue","16.46667","107.6"
"20228608","20228863","VN","Viet Nam","Binh Duong","Thu Dau Mot","10.96667","106.65"
"20228864","20229119","VN","Viet Nam","Ho Chi Minh","Ho Chi Minh City","10.75","106.66667"
"20229120","20229375","VN","Viet Nam","Ha Noi","Hanoi","21.0245","105.84117"
"20229376","20229631","VN","Viet Nam","Hai Phong","Haiphong","20.85611","106.68222"
"20229632","20229887","VN","Viet Nam","Thanh Hoa","Thanh Hoa","19.8","105.76667"
"20229888","20230143","VN","Viet Nam","Ha Noi","Hanoi","21.0245","105.84117"
"20230144","20230399","VN","Viet Nam","Can Tho","Can Tho","10.03333","105.78333"
"20230400","20230911","VN","Viet Nam","Ha Noi","Hanoi","21.0245","105.84117"
"20230912","20231679","VN","Viet Nam","Ho Chi Minh","Ho Chi Minh City","10.75","106.66667"
"20231680","20231935","VN","Viet Nam","Ha Noi","Hanoi","21.0245","105.84117"
"20231936","20232703","VN","Viet Nam","Ho Chi Minh","Ho Chi Minh City","10.75","106.66667"
"20232704","20232959","VN","Viet Nam","Ha Noi","Hanoi","21.0245","105.84117"
"20232960","20233215","VN","Viet Nam","Ninh Thuan","Phan Rang-Thap Cham","11.56667","108.98333"
"20233216","20233471","VN","Viet Nam","Ho Chi Minh","Ho Chi Minh City","10.75","106.66667"
"20233472","20233983","VN","Viet Nam","Ha Noi","Hanoi","21.0245","105.84117"
"20233984","20234239","VN","Viet Nam","An Giang","Long Xuyen","10.38333","105.41667"
"20234240","20234495","VN","Viet Nam","Ho Chi Minh","Ho Chi Minh City","10.75","106.66667"
"20234496","20234751","VN","Viet Nam","Da Nang","Da Nang","16.06778","108.22083"
"20234752","20235007","VN","Viet Nam","Quang Ngai","Quang Ngai","15.11667","108.8"
"20235008","20235263","VN","Viet Nam","Vinh Long","Vinh Long","10.25","105.96667"
"20235264","20235775","VN","Viet Nam","Ho Chi Minh","Ho Chi Minh City","10.75","106.66667"
"20235776","20236031","VN","Viet Nam","Soc Trang","Soc Trang","9.60333","105.98"
"20236032","20236287","VN","Viet Nam","Ba Ria - Vung Tau","Vung Tau","10.346","107.084"
"20236288","20236543","VN","Viet Nam","Ho Chi Minh","Ho Chi Minh City","10.75","106.66667"
"20236544","20236799","VN","Viet Nam","Da Nang","Da Nang","16.06778","108.22083"
"20236800","20237055","VN","Viet Nam","Vinh Long","Vinh Long","10.25","105.96667"
"20237056","20237311","VN","Viet Nam","Ba Ria - Vung Tau","Ben Dinh","10.3683","107.083"
"20237312","20237823","VN","Viet Nam","Dong Nai","Bien Hoa","10.95","106.81667"
"20237824","20238079","VN","Viet Nam","Da Nang","Da Nang","16.06778","108.22083"
"20238080","20238335","VN","Viet Nam","Ho Chi Minh","Ho Chi Minh City","10.75","106.66667"
"20238336","20238591","VN","Viet Nam","Dong Nai","Bien Hoa","10.95","106.81667"
"20238592","20238847","VN","Viet Nam","Ho Chi Minh","Ho Chi Minh City","10.75","106.66667"
"20238848","20239103","VN","Viet Nam","Ba Ria - Vung Tau","Lien Loc","10.7449","107.243"
"20239104","20239359","VN","Viet Nam","Ha Noi","Hanoi","21.0245","105.84117"
"20239360","20239615","VN","Viet Nam","Ho Chi Minh","Ho Chi Minh City","10.75","106.66667"
"20239616","20239871","VN","Viet Nam","Lam Dong","Da Lat","11.94646","108.44193"
"20239872","20240127","VN","Viet Nam","An Giang","Long Xuyen","10.38333","105.41667"
"20240128","20240383","VN","Viet Nam","Soc Trang","Soc Trang","9.60333","105.98"
"20240384","20241151","VN","Viet Nam","Ha Noi","Hanoi","21.0245","105.84117"
"20241152","20241407","VN","Viet Nam","Ho Chi Minh","Ho Chi Minh City","10.75","106.66667"
"20241408","20241663","VN","Viet Nam","Ba Ria - Vung Tau","Phuoc Lap","10.6395","107.053"
"20241664","20241919","VN","Viet Nam","Ho Chi Minh","Ho Chi Minh City","10.75","106.66667"
"20241920","20242175","VN","Viet Nam","Ha Noi","Hanoi","21.0245","105.84117"
"20242176","20242431","VN","Viet Nam","Da Nang","Da Nang","16.06778","108.22083"
"20242432","20244735","VN","Viet Nam","Ho Chi Minh","Ho Chi Minh City","10.75","106.66667"
"20244736","20245503","VN","Viet Nam","Ha Noi","Hanoi","21.0245","105.84117"
"20245504","20245759","VN","Viet Nam","Ho Chi Minh","Ho Chi Minh City","10.75","106.66667"
"20245760","20246015","VN","Viet Nam","Dong Nai","Bien Hoa","10.95","106.81667"
"20246016","20246271","VN","Viet Nam","Ho Chi Minh","Ho Chi Minh City","10.75","106.66667"
"20246272","20246527","VN","Viet Nam","Quang Ngai","Quang Ngai","15.11667","108.8"
"20246528","20246783","VN","Viet Nam","Ho Chi Minh","Ho Chi Minh City","10.75","106.66667"
"20246784","20247039","VN","Viet Nam","Dong Nai","Bien Hoa","10.95","106.81667"
"20247040","20247295","VN","Viet Nam","Binh Duong","Thu Dau Mot","10.96667","106.65"
"20247296","20248575","VN","Viet Nam","Ha Noi","Hanoi","21.0245","105.84117"
"20248576","20248831","VN","Viet Nam","Phu Yen","Tuy Hoa","13.08333","109.3"
"20248832","20249087","VN","Viet Nam","Ha Noi","Hanoi","21.0245","105.84117"
"20249088","20249599","VN","Viet Nam","Ho Chi Minh","Ho Chi Minh City","10.75","106.66667"
"20249600","20249855","VN","Viet Nam","Tay Ninh","Phu Khuong","11.28333","106.13333"
"20249856","20250111","VN","Viet Nam","Ho Chi Minh","Ho Chi Minh City","10.75","106.66667"
"20250112","20250367","VN","Viet Nam","Ha Noi","Hanoi","21.0245","105.84117"
"20250368","20250623","VN","Viet Nam","Tay Ninh","Phu Khuong","11.28333","106.13333"
"20250624","20250879","VN","Viet Nam","Ho Chi Minh","Ho Chi Minh City","10.75","106.66667"
"20250880","20251135","VN","Viet Nam","Ha Noi","Hanoi","21.0245","105.84117"
"20251136","20251647","VN","Viet Nam","Ho Chi Minh","Ho Chi Minh City","10.75","106.66667"
"20251648","20252159","VN","Viet Nam","Da Nang","Da Nang","16.06778","108.22083"
"20252160","20252415","VN","Viet Nam","Ba Ria - Vung Tau","Ong Trinh","10.5654","107.058"
"20252416","20252671","VN","Viet Nam","Da Nang","Da Nang","16.06778","108.22083"
"20252672","20252927","VN","Viet Nam","Ha Noi","Hanoi","21.0245","105.84117"
"20252928","20253183","VN","Viet Nam","Thua Thien-Hue","Hue","16.46667","107.6"
"20253184","20253439","VN","Viet Nam","Ho Chi Minh","Ho Chi Minh City","10.75","106.66667"
"20253440","20253695","VN","Viet Nam","Ba Ria - Vung Tau","Xa Thang Tam","10.3375","107.092"
"20253696","20253951","VN","Viet Nam","Ho Chi Minh","Ho Chi Minh City","10.75","106.66667"
"20253952","20254207","VN","Viet Nam","Ha Noi","Hanoi","21.0245","105.84117"
"20254208","20254463","VN","Viet Nam","Da Nang","Da Nang","16.06778","108.22083"
"20254464","20254719","VN","Viet Nam","Ha Noi","Hanoi","21.0245","105.84117"
"20254720","20254975","VN","Viet Nam","Dong Nai","Bien Hoa","10.95","106.81667"
"20254976","20255231","VN","Viet Nam","Ho Chi Minh","Ho Chi Minh City","10.75","106.66667"
"20255232","20255487","VN","Viet Nam","Da Nang","Da Nang","16.06778","108.22083"
"20255488","20255743","VN","Viet Nam","Can Tho","Can Tho","10.03333","105.78333"
"20255744","20255999","VN","Viet Nam","Ha Noi","Hanoi","21.0245","105.84117"
"20256000","20256255","VN","Viet Nam","Ho Chi Minh","Ho Chi Minh City","10.75","106.66667"
"20256256","20256511","VN","Viet Nam","Ha Noi","Hanoi","21.0245","105.84117"
"20256512","20256767","VN","Viet Nam","Quang Ngai","Quang Ngai","15.11667","108.8"
"20256768","20257023","VN","Viet Nam","Ho Chi Minh","Ho Chi Minh City","10.75","106.66667"
"20257024","20257279","VN","Viet Nam","Ha Noi","Hanoi","21.0245","105.84117"
"20257280","20257535","VN","Viet Nam","Binh Duong","Uyen Hung","11.08416","106.78834"
"20257536","20257791","VN","Viet Nam","Ha Noi","Hanoi","21.0245","105.84117"
"20257792","20258047","VN","Viet Nam","Ba Ria - Vung Tau","Thon Bay","10.5833","107.575"
"20258048","20258559","VN","Viet Nam","Ho Chi Minh","Ho Chi Minh City","10.75","106.66667"
"20258560","20258815","VN","Viet Nam","An Giang","Chau Doc","10.7","105.11667"
"20258816","20259071","VN","Viet Nam","An Giang","Long Xuyen","10.38333","105.41667"
"20259072","20259327","VN","Viet Nam","Binh Thuan","Phan Thiet","10.93333","108.1"
"20259328","20259583","VN","Viet Nam","Ho Chi Minh","Ho Chi Minh City","10.75","106.66667"
"20259584","20259839","VN","Viet Nam","Dong Nai","Vung Tau","10.34599","107.08426"
"20259840","20260351","VN","Viet Nam","Ho Chi Minh","Ho Chi Minh City","10.75","106.66667"
"20260352","20261119","VN","Viet Nam","Ha Noi","Hanoi","21.0245","105.84117"
"20261120","20261375","VN","Viet Nam","Dong Nai","Bien Hoa","10.95","106.81667"
"20261376","20261631","VN","Viet Nam","Ha Noi","Hanoi","21.0245","105.84117"
"20261632","20261887","VN","Viet Nam","Thua Thien-Hue","Hue","16.46667","107.6"
"20261888","20262143","VN","Viet Nam","Dong Nai","Bien Hoa","10.95","106.81667"
"20262144","20262655","VN","Viet Nam","Ho Chi Minh","Ho Chi Minh City","10.75","106.66667"
"20262656","20262911","VN","Viet Nam","Phu Yen","Tuy Hoa","13.08333","109.3"
"20262912","20263167","VN","Viet Nam","An Giang","Long Xuyen","10.38333","105.41667"
"20263168","20263423","VN","Viet Nam","Can Tho","Can Tho","10.03333","105.78333"
"20263424","20263679","VN","Viet Nam","Ha Noi","Hanoi","21.0245","105.84117"
"20263680","20263935","VN","Viet Nam","Ba Ria - Vung Tau","Ben Dinh","10.3683","107.083"
"20263936","20264447","VN","Viet Nam","Dong Nai","Bien Hoa","10.95","106.81667"
"20264448","20264703","VN","Viet Nam","Tay Ninh","Phu Khuong","11.28333","106.13333"
"20264704","20264959","VN","Viet Nam","Binh Duong","Thu Dau Mot","10.96667","106.65"
"20264960","20265215","VN","Viet Nam","Ba Ria - Vung Tau","Phuoc An","10.399","107.128"
"20265216","20265471","VN","Viet Nam","Quang Binh","Dong Hoi","17.48333","106.6"
"20265472","20265727","VN","Viet Nam","Ho Chi Minh","Ho Chi Minh City","10.75","106.66667"
"20265728","20265983","VN","Viet Nam","Ha Noi","Hanoi","21.0245","105.84117"
"20265984","20266239","VN","Viet Nam","Ba Ria - Vung Tau","Ben Dinh","10.3683","107.083"
"20266240","20266495","VN","Viet Nam","Ba Ria - Vung Tau","Ap Long Hoa","10.4224","107.141"
"20266496","20266751","VN","Viet Nam","Dong Nai","Vung Tau","10.34599","107.08426"
"20266752","20267007","VN","Viet Nam","Ba Ria - Vung Tau","Ben Dinh","10.3683","107.083"
"20267008","20267775","VN","Viet Nam","Ha Noi","Hanoi","21.0245","105.84117"
"20267776","20268031","VN","Viet Nam","Da Nang","Da Nang","16.06778","108.22083"
"20268032","20268287","VN","Viet Nam","Ha Noi","Hanoi","21.0245","105.84117"
"20268288","20268543","VN","Viet Nam","Ho Chi Minh","Ho Chi Minh City","10.75","106.66667"
"20268544","20268799","VN","Viet Nam","Ha Noi","Hanoi","21.0245","105.84117"
"20268800","20269311","VN","Viet Nam","Ho Chi Minh","Ho Chi Minh City","10.75","106.66667"
"20269312","20269567","VN","Viet Nam","Ha Noi","Hanoi","21.0245","105.84117"
"20269568","20269823","VN","Viet Nam","Ho Chi Minh","Ho Chi Minh City","10.75","106.66667"
"20269824","20270079","VN","Viet Nam","Kon Tum","Mui Ne","10.9331","108.283"
"20270080","20270591","VN","Viet Nam","Vinh Phuc","Vinh Yen","21.31","105.59667"
"20270592","20270847","VN","Viet Nam","Binh Duong","Thu Dau Mot","10.96667","106.65"
"20270848","20271359","VN","Viet Nam","Ha Noi","Hanoi","21.0245","105.84117"
"20271360","20271615","VN","Viet Nam","Long An","Tan An","10.53333","106.41667"
"20271616","20272639","VN","Viet Nam","Ho Chi Minh","Ho Chi Minh City","10.75","106.66667"
"20272640","20272895","VN","Viet Nam","Thua Thien-Hue","Hue","16.46667","107.6"
"20272896","20273151","VN","Viet Nam","Lam Dong","Da Lat","11.94646","108.44193"
"20273152","20273663","VN","Viet Nam","Ha Noi","Hanoi","21.0245","105.84117"
"20273664","20273919","VN","Viet Nam","Dong Nai","Bien Hoa","10.95","106.81667"
"20273920","20274175","VN","Viet Nam","Ha Noi","Hanoi","21.0245","105.84117"
"20274176","20274431","VN","Viet Nam","Khanh Hoa","Nha Trang","12.25","109.18333"
"20274432","20274687","VN","Viet Nam","Ha Noi","Hanoi","21.0245","105.84117"
"20274688","20274943","VN","Viet Nam","Ho Chi Minh","Ho Chi Minh City","10.75","106.66667"
"20274944","20275199","VN","Viet Nam","Dong Nai","Bien Hoa","10.95","106.81667"
"20275200","20275455","VN","Viet Nam","Ho Chi Minh","Ho Chi Minh City","10.75","106.66667"
"20275456","20275711","VN","Viet Nam","Ninh Thuan","Phan Rang-Thap Cham","11.56667","108.98333"
"20275712","20275967","VN","Viet Nam","Ha Noi","Hanoi","21.0245","105.84117"
"20275968","20276223","VN","Viet Nam","Ho Chi Minh","Ho Chi Minh City","10.75","106.66667"
"20276224","20276479","VN","Viet Nam","Dak Lak","Buon Ma Thuot","12.66667","108.05"
"20276480","20276735","VN","Viet Nam","Ha Noi","Hanoi","21.0245","105.84117"
"20276736","20276991","VN","Viet Nam","Dong Nai","Bien Hoa","10.95","106.81667"
"20276992","20277247","VN","Viet Nam","Ho Chi Minh","Ho Chi Minh City","10.75","106.66667"
"20277248","20277503","VN","Viet Nam","Bac Ninh","Bac Ninh","21.18333","106.05"
"20277504","20277759","VN","Viet Nam","Ho Chi Minh","Ho Chi Minh City","10.75","106.66667"
"20277760","20278015","VN","Viet Nam","Ha Noi","Hanoi","21.0245","105.84117"
"20278016","20278271","VN","Viet Nam","Soc Trang","Soc Trang","9.60333","105.98"
"20278272","20278783","VN","Viet Nam","Ha Noi","Hanoi","21.0245","105.84117"
"20278784","20279039","VN","Viet Nam","Ho Chi Minh","Ho Chi Minh City","10.75","106.66667"
"20279040","20279295","VN","Viet Nam","Ha Noi","Hanoi","21.0245","105.84117"
"20279296","20279551","VN","Viet Nam","Dong Nai","Bien Hoa","10.95","106.81667"
"20279552","20279807","VN","Viet Nam","Dong Nai","Vung Tau","10.34599","107.08426"
"20279808","20280319","VN","Viet Nam","Binh Duong","Thu Dau Mot","10.96667","106.65"
"20280320","20280575","VN","Viet Nam","Ha Noi","Hanoi","21.0245","105.84117"
"20280576","20280831","VN","Viet Nam","Ho Chi Minh","Ho Chi Minh City","10.75","106.66667"
"20280832","20281087","VN","Viet Nam","Ha Noi","Hanoi","21.0245","105.84117"
"20281088","20281343","VN","Viet Nam","Dong Nai","Bien Hoa","10.95","106.81667"
"20281344","20281855","VN","Viet Nam","Ha Noi","Hanoi","21.0245","105.84117"
"20281856","20282111","VN","Viet Nam","Ho Chi Minh","Ho Chi Minh City","10.75","106.66667"
"20282112","20282367","VN","Viet Nam","Ha Noi","Hanoi","21.0245","105.84117"
"20282368","20282623","VN","Viet Nam","Khanh Hoa","Nha Trang","12.25","109.18333"
"20282624","20282879","VN","Viet Nam","Ha Noi","Hanoi","21.0245","105.84117"
"20282880","20283135","VN","Viet Nam","Tay Ninh","Phu Khuong","11.28333","106.13333"
"20283136","20283647","VN","Viet Nam","Ho Chi Minh","Ho Chi Minh City","10.75","106.66667"
"20283648","20283903","VN","Viet Nam","Dong Nai","Bien Hoa","10.95","106.81667"
"20283904","20284159","VN","Viet Nam","Ninh Binh","Ninh Binh","20.25389","105.975"
"20284160","20284415","VN","Viet Nam","Ha Noi","Hanoi","21.0245","105.84117"
"20284416","20284671","VN","Viet Nam","Bac Ninh","Bac Ninh","21.18333","106.05"
"20284672","20285439","VN","Viet Nam","Ha Noi","Hanoi","21.0245","105.84117"
"20285440","20285695","VN","Viet Nam","Ho Chi Minh","Ho Chi Minh City","10.75","106.66667"
"20285696","20285951","VN","Viet Nam","Ha Noi","Hanoi","21.0245","105.84117"
"20285952","20286719","VN","Viet Nam","Ho Chi Minh","Ho Chi Minh City","10.75","106.66667"
"20286720","20286975","VN","Viet Nam","Phu Yen","Tuy Hoa","13.08333","109.3"
"20286976","20287231","VN","Viet Nam","Ho Chi Minh","Ho Chi Minh City","10.75","106.66667"
"20287232","20287487","VN","Viet Nam","Dong Nai","Vung Tau","10.34599","107.08426"
"20287488","20287743","VN","Viet Nam","Ha Noi","Hanoi","21.0245","105.84117"
"20287744","20287999","VN","Viet Nam","Dong Nai","Bien Hoa","10.95","106.81667"
"20288000","20288255","VN","Viet Nam","Tuyen Quang","Tuyen Quang","21.82333","105.21806"
"20288256","20288767","VN","Viet Nam","Ho Chi Minh","Ho Chi Minh City","10.75","106.66667"
"20288768","20289023","VN","Viet Nam","Binh Duong","Thu Dau Mot","10.96667","106.65"
"20289024","20289279","VN","Viet Nam","Ba Ria - Vung Tau","Lang Long Son","10.3782","107.116"
"20289280","20289791","VN","Viet Nam","Ho Chi Minh","Ho Chi Minh City","10.75","106.66667"
"20289792","20290047","VN","Viet Nam","Ha Noi","Hanoi","21.0245","105.84117"
"20290048","20290303","VN","Viet Nam","Ba Ria - Vung Tau","Xuyen Moc","10.5667","107.417"
"20290304","20290815","VN","Viet Nam","Ha Noi","Hanoi","21.0245","105.84117"
"20290816","20291071","VN","Viet Nam","Ho Chi Minh","Ho Chi Minh City","10.75","106.66667"
"20291072","20291327","VN","Viet Nam","Dong Thap","Cao Lanh","10.45","105.63333"
"20291328","20291583","VN","Viet Nam","Ba Ria - Vung Tau","Vung Tau","10.346","107.084"
"20291584","20292095","VN","Viet Nam","Binh Duong","Thu Dau Mot","10.96667","106.65"
"20292096","20292351","VN","Viet Nam","Ho Chi Minh","Ho Chi Minh City","10.75","106.66667"
"20292352","20292607","VN","Viet Nam","Ha Noi","Hanoi","21.0245","105.84117"
"20292608","20292863","VN","Viet Nam","Ho Chi Minh","Ho Chi Minh City","10.75","106.66667"
"20292864","20293375","VN","Viet Nam","Dong Nai","Bien Hoa","10.95","106.81667"
"20293376","20294655","VN","Viet Nam","Ho Chi Minh","Ho Chi Minh City","10.75","106.66667"
"20294656","20294911","VN","Viet Nam","Bac Ninh","Bac Ninh","21.18333","106.05"
"20294912","20295167","VN","Viet Nam","Ho Chi Minh","Ho Chi Minh City","10.75","106.66667"
"20295168","20295423","VN","Viet Nam","Ha Noi","Hanoi","21.0245","105.84117"
"20295424","20295679","VN","Viet Nam","Ho Chi Minh","Ho Chi Minh City","10.75","106.66667"
"20295680","20296959","VN","Viet Nam","Ha Noi","Hanoi","21.0245","105.84117"
"20296960","20297215","VN","Viet Nam","Hai Phong","Haiphong","20.85611","106.68222"
"20297216","20297727","VN","Viet Nam","Ha Noi","Hanoi","21.0245","105.84117"
"20297728","20297983","VN","Viet Nam","Ho Chi Minh","Ho Chi Minh City","10.75","106.66667"
"20297984","20298239","VN","Viet Nam","Quang Ninh","Uong Bi","21.03333","106.78333"
"20298240","20298495","VN","Viet Nam","Ha Noi","Hanoi","21.0245","105.84117"
"20298496","20298751","VN","Viet Nam","Ho Chi Minh","Ho Chi Minh City","10.75","106.66667"
"20298752","20299007","VN","Viet Nam","Dak Lak","Buon Ma Thuot","12.66667","108.05"
"20299008","20299519","VN","Viet Nam","Ho Chi Minh","Ho Chi Minh City","10.75","106.66667"
"20299520","20299775","VN","Viet Nam","Ha Noi","Hanoi","21.0245","105.84117"
"20299776","20300031","VN","Viet Nam","Ho Chi Minh","Ho Chi Minh City","10.75","106.66667"
"20300032","20300287","VN","Viet Nam","Kon Tum","Plei Kan","14.705","107.686"
"20300288","20300543","VN","Viet Nam","Ho Chi Minh","Ho Chi Minh City","10.75","106.66667"
"20300544","20300799","VN","Viet Nam","Ba Ria - Vung Tau","Ben Dinh","10.3683","107.083"
"20300800","20301055","VN","Viet Nam","Dong Thap","Cao Lanh","10.45","105.63333"
"20301056","20301311","VN","Viet Nam","Quang Nam","Hoi An","15.87944","108.335"
"20301312","20302079","VN","Viet Nam","Ho Chi Minh","Ho Chi Minh City","10.75","106.66667"
"20302080","20302335","VN","Viet Nam","Ha Noi","Hanoi","21.0245","105.84117"
"20302336","20302591","VN","Viet Nam","Tien Giang","My Tho","10.35","106.35"
"20302592","20302847","VN","Viet Nam","Ben Tre","Ben Tre","10.23333","106.38333"
"20302848","20303103","VN","Viet Nam","Binh Duong","Thu Dau Mot","10.96667","106.65"
"20303104","20303359","VN","Viet Nam","Phu Yen","Tuy Hoa","13.08333","109.3"
"20303360","20303615","VN","Viet Nam","Binh Duong","Thu Dau Mot","10.96667","106.65"
"20303616","20303871","VN","Viet Nam","Dong Nai","Bien Hoa","10.95","106.81667"
"20303872","20304127","VN","Viet Nam","Ho Chi Minh","Ho Chi Minh City","10.75","106.66667"
"20304128","20304383","VN","Viet Nam","Dong Nai","Bien Hoa","10.95","106.81667"
"20304384","20304639","VN","Viet Nam","Ho Chi Minh","Ho Chi Minh City","10.75","106.66667"
"20304640","20304895","VN","Viet Nam","Ba Ria - Vung Tau","Xuyen Moc","10.5667","107.417"
"20304896","20305919","VN","Viet Nam","Ho Chi Minh","Ho Chi Minh City","10.75","106.66667"
"20305920","20306175","VN","Viet Nam","Ba Ria - Vung Tau","Phuoc An","10.399","107.128"
"20306176","20306431","VN","Viet Nam","Gia Lai","Pleiku","13.98333","108"
"20306432","20306943","VN","Viet Nam","Ho Chi Minh","Ho Chi Minh City","10.75","106.66667"
"20306944","20307199","VN","Viet Nam","Ha Noi","Hanoi","21.0245","105.84117"
"20307200","20307711","VN","Viet Nam","Dong Nai","Bien Hoa","10.95","106.81667"
"20307712","20307967","VN","Viet Nam","Ho Chi Minh","Ho Chi Minh City","10.75","106.66667"
"20307968","20308223","VN","Viet Nam","Ba Ria - Vung Tau","Phuoc Lap","10.6395","107.053"
"20308224","20308735","VN","Viet Nam","Ho Chi Minh","Ho Chi Minh City","10.75","106.66667"
"20308736","20308991","VN","Viet Nam","Quang Ninh","Uong Bi","21.03333","106.78333"
"20308992","20309247","VN","Viet Nam","Dong Nai","Bien Hoa","10.95","106.81667"
"20309248","20309503","VN","Viet Nam","Phu Yen","Tuy Hoa","13.08333","109.3"
"20309504","20310015","VN","Viet Nam","Ha Noi","Hanoi","21.0245","105.84117"
"20310016","20310271","VN","Viet Nam","Tuyen Quang","Tuyen Quang","21.82333","105.21806"
"20310272","20310527","VN","Viet Nam","Ho Chi Minh","Ho Chi Minh City","10.75","106.66667"
"20310528","20310783","VN","Viet Nam","Vinh Long","Vinh Long","10.25","105.96667"
"20310784","20311039","VN","Viet Nam","Dong Nai","Vung Tau","10.34599","107.08426"
"20311040","20312063","VN","Viet Nam","Ha Noi","Hanoi","21.0245","105.84117"
"20312064","20312831","VN","Viet Nam","Ho Chi Minh","Ho Chi Minh City","10.75","106.66667"
"20312832","20313087","VN","Viet Nam","Da Nang","Da Nang","16.06778","108.22083"
"20313088","20313855","VN","Viet Nam","Ha Noi","Hanoi","21.0245","105.84117"
"20313856","20314111","VN","Viet Nam","Ba Ria - Vung Tau","Tra Tan","11.0167","107.483"
"20314112","20314367","VN","Viet Nam","Quang Binh","Dong Hoi","17.48333","106.6"
"20314368","20314623","VN","Viet Nam","Ha Noi","Hanoi","21.0245","105.84117"
"20314624","20315135","VN","Viet Nam","Quang Binh","Dong Hoi","17.48333","106.6"
"20315136","20315391","VN","Viet Nam","Ha Noi","Hanoi","21.0245","105.84117"
"20315392","20315647","VN","Viet Nam","Da Nang","Da Nang","16.06778","108.22083"
"20315648","20316415","VN","Viet Nam","Ha Noi","Hanoi","21.0245","105.84117"
"20316416","20316671","VN","Viet Nam","Ninh Thuan","Phan Rang-Thap Cham","11.56667","108.98333"
"20316672","20316927","VN","Viet Nam","Ho Chi Minh","Ho Chi Minh City","10.75","106.66667"
"20316928","20317183","VN","Viet Nam","Ha Noi","Hanoi","21.0245","105.84117"
"20317184","20317951","VN","Viet Nam","Ho Chi Minh","Ho Chi Minh City","10.75","106.66667"
"20317952","20318207","VN","Viet Nam","Vinh Long","Vinh Long","10.25","105.96667"
"20318208","20318463","VN","Viet Nam","Ho Chi Minh","Ho Chi Minh City","10.75","106.66667"
"20318464","20318719","VN","Viet Nam","Ha Noi","Hanoi","21.0245","105.84117"
"20318720","20319231","VN","Viet Nam","Ho Chi Minh","Ho Chi Minh City","10.75","106.66667"
"20319232","20319487","VN","Viet Nam","Dong Nai","Bien Hoa","10.95","106.81667"
"20319488","20319743","VN","Viet Nam","Ha Noi","Hanoi","21.0245","105.84117"
"20319744","20319999","VN","Viet Nam","Dong Nai","Bien Hoa","10.95","106.81667"
"20320000","20320511","VN","Viet Nam","Ha Noi","Hanoi","21.0245","105.84117"
"20320512","20320767","VN","Viet Nam","Nam Dinh","Nam Dinh","20.41667","106.16667"
"20320768","20321023","VN","Viet Nam","Dong Nai","Bien Hoa","10.95","106.81667"
"20321024","20321279","VN","Viet Nam","Nam Dinh","Nam Dinh","20.41667","106.16667"
"20321280","20321535","VN","Viet Nam","Ha Noi","Hanoi","21.0245","105.84117"
"20321536","20321791","VN","Viet Nam","Hai Phong","Haiphong","20.85611","106.68222"
"20321792","20322303","VN","Viet Nam","Dong Nai","Bien Hoa","10.95","106.81667"
"20322304","20322559","VN","Viet Nam","Ha Noi","Hanoi","21.0245","105.84117"
"20322560","20322815","VN","Viet Nam","Dong Nai","Bien Hoa","10.95","106.81667"
"20322816","20323071","VN","Viet Nam","Da Nang","Da Nang","16.06778","108.22083"
"20323072","20323327","VN","Viet Nam","Ha Noi","Hanoi","21.0245","105.84117"
"20323328","20323839","VN","Viet Nam","Dong Nai","Bien Hoa","10.95","106.81667"
"20323840","20324095","VN","Viet Nam","Binh Thuan","Phan Thiet","10.93333","108.1"
"20324096","20324351","VN","Viet Nam","Dong Nai","Bien Hoa","10.95","106.81667"
"20324352","20324863","VN","Viet Nam","Hai Duong","Hai Duong","20.93333","106.31667"
"20324864","20325119","VN","Viet Nam","Ho Chi Minh","Ho Chi Minh City","10.75","106.66667"
"20325120","20325375","VN","Viet Nam","Ha Noi","Hanoi","21.0245","105.84117"
"20325376","20325631","VN","Viet Nam","Da Nang","Da Nang","16.06778","108.22083"
"20325632","20325887","VN","Viet Nam","Hai Phong","Haiphong","20.85611","106.68222"
"20325888","20326655","VN","Viet Nam","Ha Noi","Hanoi","21.0245","105.84117"
"20326656","20326911","VN","Viet Nam","Ho Chi Minh","Ho Chi Minh City","10.75","106.66667"
"20326912","20327167","VN","Viet Nam","Ha Noi","Hanoi","21.0245","105.84117"
"20327168","20327423","VN","Viet Nam","Binh Dinh","Qui Nhon","13.76667","109.23333"
"20327424","20327935","VN","Viet Nam","Gia Lai","Pleiku","13.98333","108"
"20327936","20328191","VN","Viet Nam","Ha Noi","Hanoi","21.0245","105.84117"
"20328192","20328447","VN","Viet Nam","Gia Lai","Pleiku","13.98333","108"
"20328448","20329215","VN","Viet Nam","Ho Chi Minh","Ho Chi Minh City","10.75","106.66667"
"20329216","20329471","VN","Viet Nam","Ha Noi","Hanoi","21.0245","105.84117"
"20329472","20329727","VN","Viet Nam","Ho Chi Minh","Ho Chi Minh City","10.75","106.66667"
"20329728","20329983","VN","Viet Nam","Tay Ninh","Phu Khuong","11.28333","106.13333"
"20329984","20330239","VN","Viet Nam","Ha Noi","Hanoi","21.0245","105.84117"
"20330240","20330495","VN","Viet Nam","Ho Chi Minh","Ho Chi Minh City","10.75","106.66667"
"20330496","20330751","VN","Viet Nam","Tra Vinh","Tra Vinh","9.93472","106.34528"
"20330752","20331007","VN","Viet Nam","Dong Nai","Bien Hoa","10.95","106.81667"
"20331008","20331263","VN","Viet Nam","Ho Chi Minh","Ho Chi Minh City","10.75","106.66667"
"20331264","20331519","VN","Viet Nam","Khanh Hoa","Nha Trang","12.25","109.18333"
"20331520","20332031","VN","Viet Nam","Ha Noi","Hanoi","21.0245","105.84117"
"20332032","20332287","VN","Viet Nam","Binh Duong","Uyen Hung","11.08416","106.78834"
"20332288","20332543","VN","Viet Nam","Ha Noi","Hanoi","21.0245","105.84117"
"20332544","20332799","VN","Viet Nam","Binh Duong","Thu Dau Mot","10.96667","106.65"
"20332800","20333055","VN","Viet Nam","Ho Chi Minh","Ho Chi Minh City","10.75","106.66667"
"20333056","20333311","VN","Viet Nam","Binh Duong","Thu Dau Mot","10.96667","106.65"
"20333312","20333567","VN","Viet Nam","Binh Dinh","Qui Nhon","13.76667","109.23333"
"20333568","20334591","VN","Viet Nam","Ba Ria - Vung Tau","Tra Tan","11.0167","107.483"
"20334592","20334847","VN","Viet Nam","Ha Noi","Hanoi","21.0245","105.84117"
"20334848","20335103","VN","Viet Nam","Ho Chi Minh","Ho Chi Minh City","10.75","106.66667"
"20335104","20335359","VN","Viet Nam","Ba Ria - Vung Tau","Lien Loc","10.7449","107.243"
"20335360","20335871","VN","Viet Nam","Ha Noi","Hanoi","21.0245","105.84117"
"20335872","20336127","VN","Viet Nam","Bac Lieu","Bac Lieu","9.285","105.72444"
"20336128","20336383","VN","Viet Nam","Long An","Can Duoc","10.61667","106.66667"
"20336384","20336639","VN","Viet Nam","Dong Nai","Bien Hoa","10.95","106.81667"
"20336640","20336895","VN","Viet Nam","Ho Chi Minh","Ho Chi Minh City","10.75","106.66667"
"20336896","20337151","VN","Viet Nam","Kien Giang","Rach Gia","10.01667","105.08333"
"20337152","20337663","VN","Viet Nam","Ho Chi Minh","Ho Chi Minh City","10.75","106.66667"
"20337664","20338431","VN","Viet Nam","Ha Noi","Hanoi","21.0245","105.84117"
"20338432","20338687","VN","Viet Nam","Bac Ninh","Bac Ninh","21.18333","106.05"
"20338688","20338943","VN","Viet Nam","Thua Thien-Hue","Hue","16.46667","107.6"
"20338944","20339199","VN","Viet Nam","Ha Noi","Hanoi","21.0245","105.84117"
"20339200","20339711","VN","Viet Nam","Ho Chi Minh","Ho Chi Minh City","10.75","106.66667"
"20339712","20339967","VN","Viet Nam","Dong Nai","Bien Hoa","10.95","106.81667"
"20339968","20340223","VN","Viet Nam","Quang Ninh","Uong Bi","21.03333","106.78333"
"20340224","20342015","VN","Viet Nam","Ha Noi","Hanoi","21.0245","105.84117"
"20342016","20342271","VN","Viet Nam","Ho Chi Minh","Ho Chi Minh City","10.75","106.66667"
"20342272","20342783","VN","Viet Nam","Binh Dinh","Qui Nhon","13.76667","109.23333"
"20342784","20343039","VN","Viet Nam","Ha Noi","Hanoi","21.0245","105.84117"
"20343040","20343295","VN","Viet Nam","Ninh Thuan","Phan Rang-Thap Cham","11.56667","108.98333"
"20343296","20343807","VN","Viet Nam","Ha Noi","Hanoi","21.0245","105.84117"
"20343808","20344063","VN","Viet Nam","Ho Chi Minh","Ho Chi Minh City","10.75","106.66667"
"20344064","20344319","VN","Viet Nam","Ba Ria - Vung Tau","Lien Loc","10.7449","107.243"
"20344320","20344575","VN","Viet Nam","Ho Chi Minh","Ho Chi Minh City","10.75","106.66667"
"20344576","20344831","VN","Viet Nam","Ha Noi","Hanoi","21.0245","105.84117"
"20344832","20345087","VN","Viet Nam","Ninh Thuan","Phan Rang-Thap Cham","11.56667","108.98333"
"20345088","20345343","VN","Viet Nam","Binh Duong","Thu Dau Mot","10.96667","106.65"
"20345344","20345599","VN","Viet Nam","Dong Nai","Bien Hoa","10.95","106.81667"
"20345600","20346623","VN","Viet Nam","Ho Chi Minh","Ho Chi Minh City","10.75","106.66667"
"20346624","20346879","VN","Viet Nam","Dong Nai","Bien Hoa","10.95","106.81667"
"20346880","20347647","VN","Viet Nam","Ho Chi Minh","Ho Chi Minh City","10.75","106.66667"
"20347648","20348159","VN","Viet Nam","Ha Noi","Hanoi","21.0245","105.84117"
"20348160","20348415","VN","Viet Nam","Ca Mau","Ca Mau","9.17694","105.15"
"20348416","20348671","VN","Viet Nam","Binh Thuan","Phan Thiet","10.93333","108.1"
"20348672","20349183","VN","Viet Nam","Ho Chi Minh","Ho Chi Minh City","10.75","106.66667"
"20349184","20349439","VN","Viet Nam","Ha Noi","Hanoi","21.0245","105.84117"
"20349440","20350207","VN","Viet Nam","Ho Chi Minh","Ho Chi Minh City","10.75","106.66667"
"20350208","20350463","VN","Viet Nam","Ha Noi","Hanoi","21.0245","105.84117"
"20350464","20350975","VN","Viet Nam","Binh Duong","Thu Dau Mot","10.96667","106.65"
"20350976","20351999","VN","Viet Nam","Ha Noi","Hanoi","21.0245","105.84117"
"20352000","20352255","VN","Viet Nam","Can Tho","Can Tho","10.03333","105.78333"
"20352256","20352511","VN","Viet Nam","Ha Noi","Hanoi","21.0245","105.84117"
"20352512","20352767","VN","Viet Nam","Ho Chi Minh","Ho Chi Minh City","10.75","106.66667"
"20352768","20353279","VN","Viet Nam","Ha Noi","Hanoi","21.0245","105.84117"
"20353280","20353535","VN","Viet Nam","Ho Chi Minh","Ho Chi Minh City","10.75","106.66667"
"20353536","20353791","VN","Viet Nam","Binh Duong","Thu Dau Mot","10.96667","106.65"
"20353792","20354559","VN","Viet Nam","Ha Noi","Hanoi","21.0245","105.84117"
"20354560","20355071","VN","Viet Nam","Ho Chi Minh","Ho Chi Minh City","10.75","106.66667"
"20355072","20355327","VN","Viet Nam","Dong Thap","Cao Lanh","10.45","105.63333"
"20355328","20356095","VN","Viet Nam","Ha Noi","Hanoi","21.0245","105.84117"
"20356096","20356351","VN","Viet Nam","Da Nang","Da Nang","16.06778","108.22083"
"20356352","20356863","VN","Viet Nam","Ho Chi Minh","Ho Chi Minh City","10.75","106.66667"
"20356864","20357119","VN","Viet Nam","Da Nang","Da Nang","16.06778","108.22083"
"20357120","20357375","VN","Viet Nam","Ha Noi","Hanoi","21.0245","105.84117"
"20357376","20357631","VN","Viet Nam","Dong Nai","Bien Hoa","10.95","106.81667"
"20357632","20357887","VN","Viet Nam","Binh Duong","Thu Dau Mot","10.96667","106.65"
"20357888","20358143","VN","Viet Nam","Ninh Thuan","Phan Rang-Thap Cham","11.56667","108.98333"
"20358144","20358399","VN","Viet Nam","Ho Chi Minh","Ho Chi Minh City","10.75","106.66667"
"20358400","20358655","VN","Viet Nam","Da Nang","Da Nang","16.06778","108.22083"
"20358656","20358911","VN","Viet Nam","Ho Chi Minh","Ho Chi Minh City","10.75","106.66667"
"20358912","20359167","VN","Viet Nam","Ninh Thuan","Phan Rang-Thap Cham","11.56667","108.98333"
"20359168","20360191","VN","Viet Nam","Ho Chi Minh","Ho Chi Minh City","10.75","106.66667"
"20360192","20360447","VN","Viet Nam","Dong Nai","Bien Hoa","10.95","106.81667"
"20360448","20360703","VN","Viet Nam","Quang Ngai","Quang Ngai","15.11667","108.8"
"20360704","20361215","VN","Viet Nam","Ha Noi","Hanoi","21.0245","105.84117"
"20361216","20361471","VN","Viet Nam","Dong Nai","Vung Tau","10.34599","107.08426"
"20361472","20361727","VN","Viet Nam","Ho Chi Minh","Ho Chi Minh City","10.75","106.66667"
"20361728","20361983","VN","Viet Nam","Ho Chi Minh","Can Gio","10.41667","106.96667"
"20361984","20362239","VN","Viet Nam","Can Tho","Can Tho","10.03333","105.78333"
"20362240","20362495","VN","Viet Nam","Ho Chi Minh","Ho Chi Minh City","10.75","106.66667"
"20362496","20362751","VN","Viet Nam","Ha Noi","Hanoi","21.0245","105.84117"
"20362752","20363007","VN","Viet Nam","Dak Lak","Buon Ma Thuot","12.66667","108.05"
"20363008","20363263","VN","Viet Nam","Ha Noi","Hanoi","21.0245","105.84117"
"20363264","20363775","VN","Viet Nam","Ho Chi Minh","Ho Chi Minh City","10.75","106.66667"
"20363776","20364031","VN","Viet Nam","Ha Noi","Hanoi","21.0245","105.84117"
"20364032","20364287","VN","Viet Nam","Can Tho","Can Tho","10.03333","105.78333"
"20364288","20364543","VN","Viet Nam","Ha Noi","Hanoi","21.0245","105.84117"
"20364544","20364799","VN","Viet Nam","Dong Nai","Bien Hoa","10.95","106.81667"
"20364800","20365055","VN","Viet Nam","Hai Phong","Haiphong","20.85611","106.68222"
"20365056","20365311","VN","Viet Nam","Dak Lak","Buon Ma Thuot","12.66667","108.05"
"20365312","20365567","VN","Viet Nam","Ha Noi","Hanoi","21.0245","105.84117"
"20365568","20365823","VN","Viet Nam","Ninh Binh","Ninh Binh","20.25389","105.975"
"20365824","20366079","VN","Viet Nam","Hai Phong","Haiphong","20.85611","106.68222"
"20366080","20366335","VN","Viet Nam","Ninh Binh","Ninh Binh","20.25389","105.975"
"20366336","20366591","VN","Viet Nam","Ha Noi","Hanoi","21.0245","105.84117"
"20366592","20366847","VN","Viet Nam","Bac Giang","Bac Giang","21.26667","106.2"
"20366848","20367103","VN","Viet Nam","Ha Noi","Hanoi","21.0245","105.84117"
"20367104","20367359","VN","Viet Nam","Quang Ninh","Ha Long","20.95111","107.08"
"20367360","20367615","VN","Viet Nam","Ha Noi","Hanoi","21.0245","105.84117"
"20367616","20367871","VN","Viet Nam","Hai Phong","Haiphong","20.85611","106.68222"
"20367872","20368127","VN","Viet Nam","Bac Ninh","Bac Ninh","21.18333","106.05"
"20368128","20368383","VN","Viet Nam","Ha Noi","Hanoi","21.0245","105.84117"
"20368384","20368639","VN","Viet Nam","Hai Phong","Haiphong","20.85611","106.68222"
"20368640","20368895","VN","Viet Nam","Ho Chi Minh","Ho Chi Minh City","10.75","106.66667"
"20368896","20369151","VN","Viet Nam","Thanh Hoa","Thanh Hoa","19.8","105.76667"
"20369152","20369407","VN","Viet Nam","Thai Binh","Thai Binh","20.45","106.33333"
"20369408","20369663","VN","Viet Nam","Phu Tho","Viet Tri","21.30194","105.43083"
"20369664","20370175","VN","Viet Nam","Bac Ninh","Bac Ninh","21.18333","106.05"
"20370176","20370431","VN","Viet Nam","Thai Nguyen","Thai Nguyen","21.59278","105.84417"
"20370432","20370943","VN","Viet Nam","Bac Ninh","Bac Ninh","21.18333","106.05"
"20370944","20371199","VN","Viet Nam","Nghe An","Vinh","18.66667","105.66667"
"20371200","20371455","VN","Viet Nam","Hai Phong","Haiphong","20.85611","106.68222"
"20371456","20371711","VN","Viet Nam","Ha Noi","Hanoi","21.0245","105.84117"
"20371712","20371967","VN","Viet Nam","Thanh Hoa","Thanh Hoa","19.8","105.76667"
"20371968","20372479","VN","Viet Nam","Ho Chi Minh","Ho Chi Minh City","10.75","106.66667"
"20372480","20373247","VN","Viet Nam","Ha Noi","Hanoi","21.0245","105.84117"
"20373248","20373503","VN","Viet Nam","Ho Chi Minh","Ho Chi Minh City","10.75","106.66667"
"20373504","20373759","VN","Viet Nam","Binh Duong","Thu Dau Mot","10.96667","106.65"
"20373760","20374015","VN","Viet Nam","Ha Noi","Hanoi","21.0245","105.84117"
"20374016","20374271","VN","Viet Nam","Dak Lak","Buon Ma Thuot","12.66667","108.05"
"20374272","20374527","VN","Viet Nam","Ha Noi","Hanoi","21.0245","105.84117"
"20374528","20375039","VN","Viet Nam","Ho Chi Minh","Ho Chi Minh City","10.75","106.66667"
"20375040","20375295","VN","Viet Nam","Lam Dong","Da Lat","11.94646","108.44193"
"20375296","20376063","VN","Viet Nam","Ha Noi","Hanoi","21.0245","105.84117"
"20376064","20376319","VN","Viet Nam","Can Tho","Can Tho","10.03333","105.78333"
"20376320","20377343","VN","Viet Nam","Ha Noi","Hanoi","21.0245","105.84117"
"20377344","20377599","VN","Viet Nam","Binh Duong","Thu Dau Mot","10.96667","106.65"
"20377600","20378111","VN","Viet Nam","Ha Noi","Hanoi","21.0245","105.84117"
"20378112","20378367","VN","Viet Nam","Ho Chi Minh","Ho Chi Minh City","10.75","106.66667"
"20378368","20379135","VN","Viet Nam","Ha Noi","Hanoi","21.0245","105.84117"
"20379136","20379391","VN","Viet Nam","Ho Chi Minh","Ho Chi Minh City","10.75","106.66667"
"20379392","20381951","VN","Viet Nam","Ha Noi","Hanoi","21.0245","105.84117"
"20381952","20382207","VN","Viet Nam","Bac Ninh","Bac Ninh","21.18333","106.05"
"20382208","20382975","VN","Viet Nam","Ha Noi","Hanoi","21.0245","105.84117"
"20382976","20383231","VN","Viet Nam","Bac Ninh","Bac Ninh","21.18333","106.05"
"20383232","20384767","VN","Viet Nam","Ha Noi","Hanoi","21.0245","105.84117"
"20384768","20385279","VN","Viet Nam","Phu Tho","Viet Tri","21.30194","105.43083"
"20385280","20385535","VN","Viet Nam","Ha Noi","Hanoi","21.0245","105.84117"
"20385536","20385791","VN","Viet Nam","Hai Duong","Hai Duong","20.93333","106.31667"
"20385792","20386559","VN","Viet Nam","Ha Noi","Hanoi","21.0245","105.84117"
"20386560","20386815","VN","Viet Nam","Kien Giang","Rach Gia","10.01667","105.08333"
"20386816","20387839","VN","Viet Nam","Ha Noi","Hanoi","21.0245","105.84117"
"20387840","20388351","VN","Viet Nam","Quang Ninh","Ha Long","20.95111","107.08"
"20388352","20388607","VN","Viet Nam","Ha Noi","Hanoi","21.0245","105.84117"
"20388608","20388863","VN","Viet Nam","Quang Ninh","Cam Pha Mines","21.01667","107.3"
"20388864","20389119","VN","Viet Nam","Quang Ninh","Ha Long","20.95111","107.08"
"20389120","20389375","VN","Viet Nam","Ha Noi","Hanoi","21.0245","105.84117"
"20389376","20389887","VN","Viet Nam","Quang Ninh","Cam Pha Mines","21.01667","107.3"
"20389888","20390143","VN","Viet Nam","Ha Noi","Hanoi","21.0245","105.84117"
"20390144","20390399","VN","Viet Nam","Nam Dinh","Nam Dinh","20.41667","106.16667"
"20390400","20390655","VN","Viet Nam","Bac Ninh","Bac Ninh","21.18333","106.05"
"20390656","20390911","VN","Viet Nam","Ha Noi","Hanoi","21.0245","105.84117"
"20390912","20391167","VN","Viet Nam","Nam Dinh","Nam Dinh","20.41667","106.16667"
"20391168","20391935","VN","Viet Nam","Ha Noi","Hanoi","21.0245","105.84117"
"20391936","20392191","VN","Viet Nam","Dak Nong","B'rong","11.8333","107.967"
"20392192","20392447","VN","Viet Nam","Ho Chi Minh","Ho Chi Minh City","10.75","106.66667"
"20392448","20392703","VN","Viet Nam","Nam Dinh","Nam Dinh","20.41667","106.16667"
"20392704","20392959","VN","Viet Nam","Khanh Hoa","Nha Trang","12.25","109.18333"
"20392960","20393215","VN","Viet Nam","Phu Yen","Tuy Hoa","13.08333","109.3"
"20393216","20393471","VN","Viet Nam","Ho Chi Minh","Ho Chi Minh City","10.75","106.66667"
"20393472","20393727","VN","Viet Nam","Khanh Hoa","Nha Trang","12.25","109.18333"
"20393728","20393983","VN","Viet Nam","Lam Dong","Da Lat","11.94646","108.44193"
"20393984","20394239","VN","Viet Nam","Da Nang","Da Nang","16.06778","108.22083"
"20394240","20394495","VN","Viet Nam","Binh Thuan","Phan Thiet","10.93333","108.1"
"20394496","20394751","VN","Viet Nam","Ho Chi Minh","Ho Chi Minh City","10.75","106.66667"
"20394752","20396543","VN","Viet Nam","Ha Noi","Hanoi","21.0245","105.84117"
"20396544","20396799","VN","Viet Nam","Ho Chi Minh","Ho Chi Minh City","10.75","106.66667"
"20396800","20398591","VN","Viet Nam","Ha Noi","Hanoi","21.0245","105.84117"
"20398592","20399103","VN","Viet Nam","Thanh Hoa","Thanh Hoa","19.8","105.76667"
"20399104","20399871","VN","Viet Nam","Ha Noi","Hanoi","21.0245","105.84117"
"20399872","20400127","VN","Viet Nam","Ho Chi Minh","Ho Chi Minh City","10.75","106.66667"
"20400128","20400639","VN","Viet Nam","Cao Bang","Cao Bang","22.66667","106.25"
"20400640","20401919","VN","Viet Nam","Ha Noi","Hanoi","21.0245","105.84117"
"20401920","20402175","VN","Viet Nam","Binh Duong","Thu Dau Mot","10.96667","106.65"
"20402176","20402943","VN","Viet Nam","Ha Noi","Hanoi","21.0245","105.84117"
"20402944","20403199","VN","Viet Nam","Bac Ninh","Bac Ninh","21.18333","106.05"
"20403200","20403455","VN","Viet Nam","Hung Yen","Hung Yen","20.65","106.06667"
"20403456","20403711","VN","Viet Nam","Ha Noi","Hanoi","21.0245","105.84117"
"20403712","20403967","VN","Viet Nam","Hung Yen","Hung Yen","20.65","106.06667"
"20403968","20404223","VN","Viet Nam","Ha Noi","Hanoi","21.0245","105.84117"
"20404224","20404479","VN","Viet Nam","Dien Bien","Dien Bien Phu","21.38333","103.01667"
"20404480","20406015","VN","Viet Nam","Ha Noi","Hanoi","21.0245","105.84117"
"20406016","20406271","VN","Viet Nam","Quang Ninh","Ha Long","20.95111","107.08"
"20406272","20407039","VN","Viet Nam","Ha Noi","Hanoi","21.0245","105.84117"
"20407040","20407295","VN","Viet Nam","Dong Nai","Bien Hoa","10.95","106.81667"
"20407296","20407551","VN","Viet Nam","Bac Ninh","Bac Ninh","21.18333","106.05"
"20407552","20407807","VN","Viet Nam","Ha Noi","Hanoi","21.0245","105.84117"
"20407808","20408063","VN","Viet Nam","Ho Chi Minh","Ho Chi Minh City","10.75","106.66667"
"20408064","20408319","VN","Viet Nam","Ha Noi","Hanoi","21.0245","105.84117"
"20408320","20408575","VN","Viet Nam","Nam Dinh","Nam Dinh","20.41667","106.16667"
"20408576","20408831","VN","Viet Nam","Son La","Son La","21.31667","103.9"
"20408832","20409087","VN","Viet Nam","Ha Noi","Hanoi","21.0245","105.84117"
"20409088","20409343","VN","Viet Nam","Phu Tho","Viet Tri","21.30194","105.43083"
"20409344","20409599","VN","Viet Nam","Vinh Phuc","Vinh Yen","21.31","105.59667"
"20409600","20409855","VN","Viet Nam","Hung Yen","Hung Yen","20.65","106.06667"
"20409856","20410367","VN","Viet Nam","Ha Noi","Hanoi","21.0245","105.84117"
"20410368","20410623","VN","Viet Nam","Hai Phong","Haiphong","20.85611","106.68222"
"20410624","20410879","VN","Viet Nam","Ha Noi","Hanoi","21.0245","105.84117"
"20410880","20411135","VN","Viet Nam","Quang Ninh","Cam Pha Mines","21.01667","107.3"
"20411136","20411391","VN","Viet Nam","Ha Noi","Hanoi","21.0245","105.84117"
"20411392","20411647","VN","Viet Nam","Ho Chi Minh","Ho Chi Minh City","10.75","106.66667"
"20411648","20411903","VN","Viet Nam","Ha Noi","Hanoi","21.0245","105.84117"
"20411904","20412159","VN","Viet Nam","Vinh Phuc","Vinh Yen","21.31","105.59667"
"20412160","20412415","VN","Viet Nam","Ha Noi","Hanoi","21.0245","105.84117"
"20412416","20412671","VN","Viet Nam","Nam Dinh","Nam Dinh","20.41667","106.16667"
"20412672","20412927","VN","Viet Nam","Ha Noi","Hanoi","21.0245","105.84117"
"20412928","20413183","VN","Viet Nam","Hai Phong","Haiphong","20.85611","106.68222"
"20413184","20413439","VN","Viet Nam","Ha Noi","Hanoi","21.0245","105.84117"
"20413440","20413951","VN","Viet Nam","Kien Giang","Rach Gia","10.01667","105.08333"
"20413952","20414463","VN","Viet Nam","Ha Noi","Hanoi","21.0245","105.84117"
"20414464","20414719","VN","Viet Nam","Quang Ninh","Cam Pha Mines","21.01667","107.3"
"20414720","20414975","VN","Viet Nam","Ha Noi","Hanoi","21.0245","105.84117"
"20414976","20415231","VN","Viet Nam","Phu Tho","Viet Tri","21.30194","105.43083"
"20415232","20416255","VN","Viet Nam","Ha Noi","Hanoi","21.0245","105.84117"
"20416256","20416511","VN","Viet Nam","Quang Ninh","Ha Long","20.95111","107.08"
"20416512","20416767","VN","Viet Nam","Hai Duong","Hai Duong","20.93333","106.31667"
"20416768","20417279","VN","Viet Nam","Ha Noi","Hanoi","21.0245","105.84117"
"20417280","20417535","VN","Viet Nam","Hai Duong","Hai Duong","20.93333","106.31667"
"20417536","20418559","VN","Viet Nam","Ha Noi","Hanoi","21.0245","105.84117"
"20418560","20418815","VN","Viet Nam","Bac Ninh","Bac Ninh","21.18333","106.05"
"20418816","20419327","VN","Viet Nam","Ha Noi","Hanoi","21.0245","105.84117"
"20419328","20419583","VN","Viet Nam","Thai Binh","Thai Binh","20.45","106.33333"
"20419584","20420863","VN","Viet Nam","Ha Noi","Hanoi","21.0245","105.84117"
"20420864","20421375","VN","Viet Nam","Bac Ninh","Bac Ninh","21.18333","106.05"
"20421376","20421887","VN","Viet Nam","Ha Noi","Hanoi","21.0245","105.84117"
"20421888","20422143","VN","Viet Nam","Can Tho","Can Tho","10.03333","105.78333"
"20422144","20422399","VN","Viet Nam","Hai Duong","Hai Duong","20.93333","106.31667"
"20422400","20422911","VN","Viet Nam","Ha Noi","Hanoi","21.0245","105.84117"
"20422912","20423167","VN","Viet Nam","Hai Duong","Hai Duong","20.93333","106.31667"
"20423168","20423679","VN","Viet Nam","Thai Binh","Thai Binh","20.45","106.33333"
"20423680","20424703","VN","Viet Nam","Ha Noi","Hanoi","21.0245","105.84117"
"20424704","20425215","VN","Viet Nam","Thai Binh","Thai Binh","20.45","106.33333"
"20425216","20425727","VN","Viet Nam","Ha Tinh","Ha Tinh","18.33333","105.9"
"20425728","20425983","VN","Viet Nam","Thai Binh","Thai Binh","20.45","106.33333"
"20425984","20426495","VN","Viet Nam","Ha Noi","Hanoi","21.0245","105.84117"
"20426496","20426751","VN","Viet Nam","Ho Chi Minh","Ho Chi Minh City","10.75","106.66667"
"20426752","20427007","VN","Viet Nam","Thua Thien-Hue","Hue","16.46667","107.6"
"20427008","20427263","VN","Viet Nam","Ba Ria - Vung Tau","Xuyen Moc","10.5667","107.417"
"20427264","20427519","VN","Viet Nam","Ho Chi Minh","Ho Chi Minh City","10.75","106.66667"
"20427520","20427775","VN","Viet Nam","Bac Giang","Bac Giang","21.26667","106.2"
"20427776","20428031","VN","Viet Nam","Ho Chi Minh","Ho Chi Minh City","10.75","106.66667"
"20428032","20428543","VN","Viet Nam","Ba Ria - Vung Tau","Xuyen Moc","10.5667","107.417"
"20428544","20428799","VN","Viet Nam","Ho Chi Minh","Ho Chi Minh City","10.75","106.66667"
"20428800","20429567","VN","Viet Nam","Ha Noi","Hanoi","21.0245","105.84117"
"20429568","20429823","VN","Viet Nam","Lang Son","Lang Son","21.83333","106.73333"
"20429824","20430847","VN","Viet Nam","Ha Noi","Hanoi","21.0245","105.84117"
"20430848","20431871","VN","Viet Nam","Ho Chi Minh","Ho Chi Minh City","10.75","106.66667"
"20431872","20432127","VN","Viet Nam","Da Nang","Da Nang","16.06778","108.22083"
"20432128","20432895","VN","Viet Nam","Ho Chi Minh","Ho Chi Minh City","10.75","106.66667"
"20432896","20433151","VN","Viet Nam","Ha Noi","Hanoi","21.0245","105.84117"
"20433152","20433407","VN","Viet Nam","Bac Ninh","Bac Ninh","21.18333","106.05"
"20433408","20433663","VN","Viet Nam","Ha Noi","Hanoi","21.0245","105.84117"
"20433664","20433919","VN","Viet Nam","Bac Ninh","Bac Ninh","21.18333","106.05"
"20433920","20434687","VN","Viet Nam","Ha Noi","Hanoi","21.0245","105.84117"
"20434688","20434943","VN","Viet Nam","Quang Ninh","Cam Pha Mines","21.01667","107.3"
"20434944","20436479","VN","Viet Nam","Ha Noi","Hanoi","21.0245","105.84117"
"20436480","20436735","VN","Viet Nam","Lang Son","Lang Son","21.83333","106.73333"
"20436736","20437247","VN","Viet Nam","Ha Noi","Hanoi","21.0245","105.84117"
"20437248","20437503","VN","Viet Nam","Thai Binh","Thai Binh","20.45","106.33333"
"20437504","20437759","VN","Viet Nam","Thai Nguyen","Thai Nguyen","21.59278","105.84417"
"20437760","20438271","VN","Viet Nam","Ha Noi","Hanoi","21.0245","105.84117"
"20438272","20438527","VN","Viet Nam","Hai Duong","Hai Duong","20.93333","106.31667"
"20438528","20438783","VN","Viet Nam","Son La","Son La","21.31667","103.9"
"20438784","20439295","VN","Viet Nam","Ha Noi","Hanoi","21.0245","105.84117"
"20439296","20439551","VN","Viet Nam","Ha Tinh","Ha Tinh","18.33333","105.9"
"20439552","20439807","VN","Viet Nam","Ha Noi","Hanoi","21.0245","105.84117"
"20439808","20440063","VN","Viet Nam","Ho Chi Minh","Ho Chi Minh City","10.75","106.66667"
"20440064","20440319","VN","Viet Nam","Ha Noi","Hanoi","21.0245","105.84117"
"20440320","20440575","VN","Viet Nam","Nam Dinh","Nam Dinh","20.41667","106.16667"
"20440576","20441087","VN","Viet Nam","Ha Noi","Hanoi","21.0245","105.84117"
"20441088","20441343","VN","Viet Nam","Hai Duong","Hai Duong","20.93333","106.31667"
"20441344","20441599","VN","Viet Nam","Nghe An","Vinh","18.66667","105.66667"
"20441600","20441855","VN","Viet Nam","Ha Noi","Hanoi","21.0245","105.84117"
"20441856","20442111","VN","Viet Nam","Lao Cai","Lao Cai","22.48333","103.95"
"20442112","20442367","VN","Viet Nam","Bac Ninh","Bac Ninh","21.18333","106.05"
"20442368","20442623","VN","Viet Nam","Ha Noi","Hanoi","21.0245","105.84117"
"20442624","20442879","VN","Viet Nam","Lao Cai","Lao Cai","22.48333","103.95"
"20442880","20447231","VN","Viet Nam","Ha Noi","Hanoi","21.0245","105.84117"
